case,concurrency,requests,successful_requests,error_rate_percent,throughput_requests_per_second,mean_latency_ms,p50_latency_ms,p95_latency_ms,p99_latency_ms,minimum_latency_ms,maximum_latency_ms
list-layers,1,10,10,0.0,12.26,81.55,81.73,85.95,86.15,77.55,86.2
list-layers,5,10,10,0.0,28.98,141.05,96.13,244.37,246.8,74.97,247.41
list-layers,10,10,10,0.0,47.62,149.97,173.57,202.24,203.01,85.34,203.2
describe-layer,1,10,10,0.0,5.48,182.54,180.94,208.76,218.12,158.31,220.46
describe-layer,5,10,10,0.0,23.52,192.53,190.26,221.74,233.06,157.8,235.89
describe-layer,10,10,10,0.0,1.8,763.56,232.5,3176.71,5072.44,193.16,5546.37
query-no-filter,1,10,10,0.0,4.09,244.51,238.28,297.05,300.1,216.7,300.86
query-no-filter,5,10,10,0.0,11.97,365.94,294.49,530.17,535.55,227.87,536.9
query-no-filter,10,10,10,0.0,17.34,397.39,397.25,563.86,570.04,231.0,571.59
unique-values,1,10,10,0.0,5.47,182.85,186.6,193.9,196.62,161.22,197.3
unique-values,5,10,10,0.0,27.12,181.34,181.62,198.23,201.28,161.0,202.04
unique-values,10,10,10,0.0,44.63,199.42,200.94,215.64,217.39,179.68,217.83
