run_id,cache_mode,http_status,error,elapsed_ms,ttfb_ms,dom_content_loaded_ms,load_event_ms,first_paint_ms,first_contentful_paint_ms,largest_contentful_paint_ms,map_canvas_visible_ms,pmtiles_network_settled_ms,total_blocking_time_ms,cumulative_layout_shift,resource_count,transfer_bytes,pmtiles_request_count,pmtiles_resource_count,pmtiles_transfer_bytes,pmtiles_encoded_bytes,pmtiles_max_request_duration_ms,pmtiles_failures
1,cold,200,,2334.49,5.7,110,110,160,160,160,573.8999999761581,2328.2999999523163,20,0.010658039225930213,39,466580,14,14,0,0,95,0
2,cold,200,,2141.39,4.6,94.6,94.7,144,144,144,422.5,2137.900000035763,0,0.010658039225930213,39,466580,14,14,0,0,98.60000002384186,0
3,cold,200,,2264.13,7.4,102.2,102.2,148,148,148,542.5999999642372,2262.099999964237,0,0.010658039225930213,39,466580,14,14,0,0,96.89999997615814,0
4,cold,200,,2179.66,4.7,97.6,97.6,148,148,148,456.5,2177.5,0,0.010658039225930213,39,466580,14,14,0,0,92.19999998807907,0
5,cold,200,,2267.98,5.9,102.1,102.1,148,148,148,523.1999999880791,2265.100000023842,0,0.010658039225930213,39,466580,14,14,0,0,98.09999996423721,0
6,warm,200,,2113.14,0.0,44.8,44.8,72,72,72,389.19999998807907,2110.699999988079,0,0.010658039225930213,39,0,14,14,0,0,94.80000001192093,0
7,warm,200,,1863.18,0.0,25.7,25.8,64,64,64,161.29999995231628,1860.7999999523163,0,0.010658039225930213,43,0,14,14,0,0,94.89999997615814,0
8,warm,200,,2013.09,0.0,22.7,22.9,52,52,52,192.80000001192093,2010.800000011921,0,0.010658039225930213,43,0,14,14,0,0,80.5,0
9,warm,200,,1952.52,0.0,25.2,25.3,52,52,52,120.19999998807907,1948.6000000238419,0,0.010658039225930213,43,0,14,14,0,0,84.29999995231628,0
10,warm,200,,1881.06,0.0,26.3,26.7,60,60,60,135,1878.5,0,0.010658039225930213,43,0,14,14,0,0,74.29999995231628,0
