profile,day_type,users,sessions,peak_hour_sessions,peak_concurrent_sessions,endpoint,daily_calls,peak_hour_calls,peak_rps
VicPlan,weekday,7000,7000.0,910.0,60.67,list-layers,7000.0,910.0,0.2528
VicPlan,weekday,7000,7000.0,910.0,60.67,describe-layer,4200.0,546.0,0.1517
VicPlan,weekday,7000,7000.0,910.0,60.67,unique-values,16800.0,2184.0,0.6067
VicPlan,weekday,7000,7000.0,910.0,60.67,query,6300.0,819.0,0.2275
VicPlan,weekend,2000,2000.0,260.0,17.33,list-layers,2000.0,260.0,0.0722
VicPlan,weekend,2000,2000.0,260.0,17.33,describe-layer,1200.0,156.0,0.0433
VicPlan,weekend,2000,2000.0,260.0,17.33,unique-values,4800.0,624.0,0.1733
VicPlan,weekend,2000,2000.0,260.0,17.33,query,1800.0,234.0,0.065
Radius,weekday,25,25.0,5.0,1.25,list-layers,25.0,5.0,0.0014
Radius,weekday,25,25.0,5.0,1.25,describe-layer,100.0,20.0,0.0056
Radius,weekday,25,25.0,5.0,1.25,unique-values,500.0,100.0,0.0278
Radius,weekday,25,25.0,5.0,1.25,query,200.0,40.0,0.0111
Radius,weekend,0,0.0,0.0,0.0,list-layers,0.0,0.0,0.0
Radius,weekend,0,0.0,0.0,0.0,describe-layer,0.0,0.0,0.0
Radius,weekend,0,0.0,0.0,0.0,unique-values,0.0,0.0,0.0
Radius,weekend,0,0.0,0.0,0.0,query,0.0,0.0,0.0
