case,sequence,latency_ms,status,response_bytes,success,error,concurrency
parcels-cbd-small,1,1245.28,200,1978055,True,,1
parcels-cbd-small,2,1247.12,200,1978055,True,,1
parcels-cbd-small,3,1224.8,200,1978055,True,,1
parcels-cbd-small,4,1177.9,200,1978055,True,,1
parcels-cbd-small,5,1209.27,200,1978055,True,,1
parcels-cbd-small,1,1145.83,200,1978055,True,,5
parcels-cbd-small,2,4995.08,200,1978055,True,,5
parcels-cbd-small,3,5302.74,200,1978055,True,,5
parcels-cbd-small,4,4960.38,200,1978055,True,,5
parcels-cbd-small,5,4939.55,200,1978055,True,,5
parcels-inner-medium,1,610.55,200,2592448,True,,1
parcels-inner-medium,2,597.31,200,2592448,True,,1
parcels-inner-medium,3,641.42,200,2592448,True,,1
parcels-inner-medium,4,610.31,200,2592448,True,,1
parcels-inner-medium,5,664.47,200,2592448,True,,1
parcels-inner-medium,1,912.02,200,2592448,True,,5
parcels-inner-medium,2,719.13,200,2592448,True,,5
parcels-inner-medium,3,1041.97,200,2592448,True,,5
parcels-inner-medium,4,1095.77,200,2592448,True,,5
parcels-inner-medium,5,1031.78,200,2592448,True,,5
parcels-metro-large,1,569.55,200,2350465,True,,1
parcels-metro-large,2,602.5,200,2350465,True,,1
parcels-metro-large,3,619.02,200,2350465,True,,1
parcels-metro-large,4,578.35,200,2350465,True,,1
parcels-metro-large,5,591.09,200,2350465,True,,1
parcels-metro-large,1,692.36,200,2350465,True,,5
parcels-metro-large,2,653.26,200,2350465,True,,5
parcels-metro-large,3,852.46,200,2350465,True,,5
parcels-metro-large,4,792.88,200,2350465,True,,5
parcels-metro-large,5,846.1,200,2350465,True,,5
parcels-metro-huge,1,554.29,200,2276413,True,,1
parcels-metro-huge,2,593.7,200,2276413,True,,1
parcels-metro-huge,3,577.13,200,2276413,True,,1
parcels-metro-huge,4,559.66,200,2276413,True,,1
parcels-metro-huge,5,602.08,200,2276413,True,,1
parcels-metro-huge,1,703.57,200,2276413,True,,5
parcels-metro-huge,2,833.64,200,2276413,True,,5
parcels-metro-huge,3,866.21,200,2276413,True,,5
parcels-metro-huge,4,862.36,200,2276413,True,,5
parcels-metro-huge,5,784.4,200,2276413,True,,5
